date,dep_code,dep_name,dep_lat,dep_lon,dest_code,dest_name,dest_lat,dest_lon
2026-04-24 19:48:42,HNL,Daniel K. Inouye International Airport,21.318387,-157.92567,JFK,John F. Kennedy International Airport,40.639447,-73.779317
2026-04-24 19:51:25,HNL,Daniel K. Inouye International Airport,21.318387,-157.92567,JFK,John F. Kennedy International Airport,40.639447,-73.779317
2026-04-24 19:53:36,HNL,Daniel K. Inouye International Airport,21.318387,-157.92567,JFK,John F. Kennedy International Airport,40.639447,-73.779317
2026-04-25 09:06:55,KIX,Kansai International Airport,34.427299,135.244003,HNL,Daniel K. Inouye International Airport,21.318387,-157.92567
2026-04-25 09:08:30,HNL,Daniel K. Inouye International Airport,21.318387,-157.92567,JFK,John F. Kennedy International Airport,40.639447,-73.779317
2026-04-25 09:08:44,KIX,Kansai International Airport,34.427299,135.244003,HNL,Daniel K. Inouye International Airport,21.318387,-157.92567
2026-04-25 10:01:44,HNL,Daniel K. Inouye International Airport,21.318387,-157.92567,JFK,John F. Kennedy International Airport,40.639447,-73.779317
2026-04-25 12:16:41,HNL,Daniel K. Inouye International Airport,21.318387,-157.92567,JFK,John F. Kennedy International Airport,40.639447,-73.779317
2026-04-25 12:17:50,KIX,Kansai International Airport,34.427299,135.244003,HNL,Daniel K. Inouye International Airport,21.318387,-157.92567
